Metric,lr,xgb
accuracy_score,0.7705627705627706,0.7402597402597403
f1_score,0.6187050359712231,0.605263157894737
recall_score,0.5119047619047619,0.5476190476190477
precision_score,0.7818181818181819,0.6764705882352942
auc,0.7151360544217688,0.6989795918367347
gini,0.6311953352769677,0.5992873339812117
confusion_matrix,"[[135  12]
 [ 41  43]]","[[125  22]
 [ 38  46]]"
