,pred_prob,pred_class
0,0.8162498,1
1,0.063594565,0
2,0.74559,1
3,0.01746562,0
4,0.8674808,1
5,0.086872354,0
6,0.14530635,0
7,0.41457435,0
8,0.82882833,1
9,0.17605646,0
