,pred_prob,pred_class
0,0.6997188,1
1,0.23491652,0
2,0.630055,1
3,0.21302116,0
4,0.67841667,1
5,0.24507467,0
6,0.35019922,0
7,0.50454485,1
8,0.6352301,1
9,0.24962042,0
